length,method,trials,successes,success_rate,ci95_low,ci95_high,median_ms,p95_ms
10,brute,200,2,0.0100,0.0027,0.0357,52.880,74.751
10,columns,200,1,0.0050,0.0009,0.0278,0.188,0.362
10,known,200,200,1.0000,0.9812,1.0000,0.011,0.017
20,brute,200,9,0.0450,0.0239,0.0833,63.705,78.385
20,columns,200,16,0.0800,0.0498,0.1260,0.381,0.584
20,known,200,200,1.0000,0.9812,1.0000,0.016,0.021
40,brute,200,48,0.2400,0.1861,0.3037,68.712,89.357
40,columns,200,72,0.3600,0.2967,0.4286,0.395,0.564
40,known,200,200,1.0000,0.9812,1.0000,0.016,0.021
80,brute,200,124,0.6200,0.5511,0.6844,69.094,90.334
80,columns,200,137,0.6850,0.6177,0.7454,0.398,0.558
80,known,200,200,1.0000,0.9812,1.0000,0.016,0.027
160,brute,200,188,0.9400,0.8981,0.9653,72.974,87.702
160,columns,200,198,0.9900,0.9643,0.9973,0.306,0.406
160,known,200,200,1.0000,0.9812,1.0000,0.016,0.022
320,brute,200,198,0.9900,0.9643,0.9973,65.157,78.308
320,columns,200,199,0.9950,0.9722,0.9991,0.357,0.502
320,known,200,200,1.0000,0.9812,1.0000,0.016,0.025
